index,datetime,Open,High,Low,Close,Final,Volume,Ticker,Final_yes,Volume_yes,high_rate,low_rate,open_rate,earning_rate,label,Signal
0,2024-03-30,3200,3235,3148,3200,3178,-0.0912813773741603,خودرو,3221.0,255553451.0,0.0043464762496119,-0.0226637690158335,-0.0065197143744178,-0.0065197143744178,-0.000629326620516,0
1,2024-04-02,3060,3200,3028,3176,3137,0.454981350509232,خودرو,3178.0,232226180.0,0.0069225928256765,-0.0471994965387035,-0.0371302706104468,-0.000629326620516,0.0108383806184252,1
2,2024-04-03,3176,3228,3101,3171,3149,-0.2432603197514433,خودرو,3137.0,337884761.0,0.0290086069493146,-0.011475932419509,0.0124322601211348,0.0108383806184252,-0.0466814861860908,0
3,2024-04-06,3160,3197,2992,3002,3053,0.9603167428710752,خودرو,3149.0,255690806.0,0.0152429342648459,-0.049857097491267,0.0034931724356938,-0.0466814861860908,-0.0006550933508024,0
4,2024-04-07,3046,3090,3000,3051,3041,-0.4862294902777014,خودرو,3053.0,501234968.0,0.012119226989846,-0.0173599737962659,-0.0022928267278087,-0.0006550933508024,0.0036172311739559,1
5,2024-04-08,3087,3139,3040,3052,3086,-0.4774263503561639,خودرو,3041.0,257519745.0,0.032226241367971,-0.0003288391976323,0.0151266030910884,0.0036172311739559,0.0029163966299416,1
6,2024-04-09,3080,3147,3056,3095,3106,0.3565591629342262,خودرو,3086.0,134573033.0,0.0197666882696046,-0.0097213220998055,-0.0019442644199611,0.0029163966299416,-0.049903412749517,0
7,2024-04-13,3020,3050,2951,2951,2957,1.87443993230778,خودرو,3106.0,182556281.0,-0.0180296200901481,-0.049903412749517,-0.0276883451384417,-0.049903412749517,-0.0098072370645924,0
8,2024-04-14,2928,2928,2928,2928,2946,-0.9724527529705244,خودرو,2957.0,524747064.0,-0.0098072370645924,-0.0098072370645924,-0.0098072370645924,-0.0098072370645924,0.0098438560760353,1
9,2024-04-15,2975,2975,2970,2975,2975,5.965703393839936,خودرو,2946.0,14455337.0,0.0098438560760353,0.0081466395112016,0.0098438560760353,0.0098438560760353,-0.0043697478991596,0
10,2024-04-16,2946,2969,2946,2962,2947,2.284612240207946,خودرو,2975.0,100691590.0,-0.002016806722689,-0.0097478991596638,-0.0097478991596638,-0.0043697478991596,-0.004071937563624,0
11,2024-04-17,2959,2976,2921,2935,2966,-0.446715777948974,خودرو,2947.0,330732829.0,0.009840515778758,-0.008822531387852,0.004071937563624,-0.004071937563624,0.0721510451786918,1
12,2024-04-20,3160,3196,3114,3180,3155,1.7838447629952656,خودرو,2966.0,182989256.0,0.0775455158462575,0.0498988536749831,0.0654079568442346,0.0721510451786918,-0.0069730586370839,0
13,2024-04-21,3213,3213,3129,3133,3166,-0.401227440922955,خودرو,3155.0,509413682.0,0.0183835182250396,-0.0082408874801901,0.0183835182250396,-0.0069730586370839,-0.0176879343019583,0
14,2024-04-22,3147,3200,3102,3110,3147,-0.2612227151418063,خودرو,3166.0,305022934.0,0.0107391029690461,-0.0202147820593809,-0.0060012634238787,-0.0176879343019583,0.0009532888465204,1
15,2024-04-23,3115,3193,3095,3150,3148,0.4346111211340581,خودرو,3147.0,225344015.0,0.0146170956466476,-0.0165236733396885,-0.0101684143628852,0.0009532888465204,0.005400254129606,1
16,2024-04-24,3150,3175,3123,3165,3148,-0.3288903434884502,خودرو,3148.0,323281030.0,0.0085768742058449,-0.0079415501905972,0.0006353240152477,0.005400254129606,-0.0060355781448538,0
17,2024-04-27,3141,3194,3120,3129,3150,0.0716540581556012,خودرو,3148.0,216957021.0,0.0146124523506988,-0.0088945362134688,-0.0022236340533672,-0.0060355781448538,-0.0206349206349206,0
18,2024-04-28,3131,3153,3085,3085,3104,-0.1161018862597103,خودرو,3150.0,232502872.0,0.0009523809523809,-0.0206349206349206,-0.006031746031746,-0.0206349206349206,0.0019329896907216,1
19,2024-04-29,3104,3230,3100,3110,3158,-0.0899986302293064,خودرو,3104.0,205508850.0,0.0405927835051546,-0.0012886597938144,0.0,0.0019329896907216,-0.0151994933502216,0
20,2024-04-30,3158,3158,3076,3110,3108,-0.2308756859504163,خودرو,3158.0,187013335.0,0.0,-0.025965801139962,0.0,-0.0151994933502216,0.0086872586872586,1
21,2024-05-01,3080,3150,3080,3135,3121,-0.2868924934861632,خودرو,3108.0,143836503.0,0.0135135135135135,-0.009009009009009,-0.009009009009009,0.0086872586872586,-0.005767382249279,0
22,2024-05-05,3125,3170,3099,3103,3126,0.3313141087105708,خودرو,3121.0,102570890.0,0.0157000961230374,-0.0070490227491188,0.0012816404998397,-0.005767382249279,-0.0163147792706333,0
23,2024-05-06,3093,3130,3066,3075,3095,0.3992012014171119,خودرو,3126.0,136554073.0,0.00127959053103,-0.019193857965451,-0.010556621880998,-0.0163147792706333,-0.0016155088852988,0
24,2024-05-07,3070,3130,3036,3090,3077,-0.3715793888292044,خودرو,3095.0,191066623.0,0.011308562197092,-0.0190630048465266,-0.0080775444264943,-0.0016155088852988,-0.027299317517062,0
25,2024-05-08,3077,3090,2981,2993,3023,0.0577971950476572,خودرو,3077.0,120070204.0,0.0042248943776405,-0.0311992200194995,0.0,-0.027299317517062,-0.0241481971551438,0
26,2024-05-11,2961,3039,2937,2950,2974,0.198912911727174,خودرو,3023.0,127009925.0,0.0052927555408534,-0.0284485610320873,-0.0205094277208071,-0.0241481971551438,-0.0305985205110961,0
27,2024-05-12,2986,3037,2883,2883,2945,0.0547133247228369,خودرو,2974.0,152273839.0,0.0211835911230665,-0.0305985205110961,0.0040349697377269,-0.0305985205110961,-0.0159592529711375,0
28,2024-05-13,2944,2944,2798,2898,2838,1.138240882005555,خودرو,2945.0,160605247.0,-0.0003395585738539,-0.0499151103565365,-0.0003395585738539,-0.0159592529711375,-0.0007047216349541,0
29,2024-05-14,2860,2930,2834,2836,2865,-0.6361205739315906,خودرو,2838.0,343412705.0,0.0324171952078928,-0.0014094432699083,0.0077519379844961,-0.0007047216349541,0.000349040139616,1
30,2024-05-15,2850,2905,2776,2866,2831,0.1394111392580672,خودرو,2865.0,124960818.0,0.0139616055846422,-0.0310645724258289,-0.0052356020942408,0.000349040139616,0.0003532320734722,1
31,2024-05-18,2877,2928,2819,2832,2871,-0.0871825930947272,خودرو,2831.0,142381748.0,0.0342635111268103,-0.0042387848816672,0.0162486753797244,0.0003532320734722,-0.0247300592128178,0
32,2024-05-19,2728,2830,2728,2800,2739,0.5372980036137669,خودرو,2871.0,129968538.0,-0.0142807384186694,-0.0498084291187739,-0.0498084291187739,-0.0247300592128178,0.0197152245345016,1
33,2024-05-21,2702,2793,2702,2793,2781,-0.1368088179854958,خودرو,2739.0,199800374.0,0.0197152245345016,-0.01350857977364,-0.01350857977364,0.0197152245345016,-0.01977705861201,0
34,2024-05-25,2763,2816,2726,2726,2748,0.3211279751899507,خودرو,2781.0,172465921.0,0.0125854009349154,-0.01977705861201,-0.0064724919093851,-0.01977705861201,-0.019650655021834,0
35,2024-05-26,2694,2755,2694,2694,2716,-0.7667700318025201,خودرو,2748.0,227849553.0,0.0025473071324599,-0.019650655021834,-0.019650655021834,-0.019650655021834,-0.01620029455081,0
36,2024-05-27,2662,2686,2662,2672,2664,2.7575710542812013,خودرو,2716.0,53141344.0,-0.0110456553755522,-0.0198821796759941,-0.0198821796759941,-0.01620029455081,0.0198948948948948,1
37,2024-05-28,2673,2717,2673,2717,2713,-0.6057271924689037,خودرو,2664.0,199682376.0,0.0198948948948948,0.0033783783783783,0.0033783783783783,0.0198948948948948,0.0199041651308514,1
38,2024-05-29,2767,2767,2767,2767,2766,-0.4650414722817853,خودرو,2713.0,78729331.0,0.0199041651308514,0.0199041651308514,0.0199041651308514,0.0199041651308514,0.0198843094721619,1
39,2024-06-01,2821,2821,2759,2821,2817,6.626974351666255,خودرو,2766.0,42116927.0,0.0198843094721619,-0.0025307302964569,0.0198843094721619,0.0198843094721619,0.0198793042243521,1
40,2024-06-02,2840,2873,2761,2873,2821,-0.4437773970584991,خودرو,2817.0,321224722.0,0.0198793042243521,-0.0198793042243521,0.0081647142350017,0.0198793042243521,0.0184331797235023,1
41,2024-06-05,2877,2877,2850,2873,2876,0.4523115093999578,خودرو,2821.0,178672451.0,0.0198511166253101,0.010280042538107,0.0198511166253101,0.0184331797235023,-0.0198191933240611,0
42,2024-06-08,2879,2879,2819,2819,2822,-0.3256133287089972,خودرو,2876.0,259488057.0,0.0010431154381084,-0.0198191933240611,0.0010431154381084,-0.0198191933240611,0.0138199858256555,1
43,2024-06-09,2779,2878,2766,2861,2829,-0.151079868796695,خودرو,2822.0,174995287.0,0.0198440822111977,-0.0198440822111977,-0.0152374202693125,0.0138199858256555,0.0197949805585012,1
44,2024-06-10,2883,2885,2852,2885,2885,-0.684039169821269,خودرو,2829.0,148557022.0,0.0197949805585012,0.008130081300813,0.0190880169671261,0.0197949805585012,-0.0045060658578856,0
45,2024-06-11,2940,2942,2865,2872,2904,2.627388566242421,خودرو,2885.0,46938200.0,0.0197573656845753,-0.0069324090121317,0.0190641247833622,-0.0045060658578856,-0.0151515151515151,0
46,2024-06-12,2899,2910,2858,2860,2883,-0.1905847532780005,خودرو,2904.0,170263090.0,0.0020661157024793,-0.0158402203856749,-0.0017217630853994,-0.0151515151515151,-0.0197710718002081,0
47,2024-06-15,2832,2879,2826,2826,2862,-0.8748188249513159,خودرو,2883.0,137813541.0,-0.0013874436351023,-0.0197710718002081,-0.0176899063475546,-0.0197710718002081,-0.0199161425576519,0
48,2024-06-16,2805,2820,2805,2805,2805,8.021383274340947,خودرو,2862.0,17251661.0,-0.0146750524109014,-0.0199161425576519,-0.0199161425576519,-0.0199161425576519,-0.019964349376114,0
49,2024-06-18,2772,2789,2749,2749,2750,-0.1237057458568491,خودرو,2805.0,155633846.0,-0.0057040998217468,-0.019964349376114,-0.0117647058823529,-0.019964349376114,0.0138181818181818,1
0,2024-03-30,2900,2910,2843,2896,2877,-0.2167404297117632,خساپا,2901.0,160913910.0,0.0031023784901758,-0.0199931058255773,-0.0003447087211306,-0.0017235436056532,-0.0003475842891901,0
1,2024-04-02,2750,2899,2748,2876,2844,1.2511994300737497,خساپا,2877.0,126037360.0,0.0076468543621828,-0.0448383733055265,-0.0441432047271463,-0.0003475842891901,0.0070323488045007,1
2,2024-04-03,2860,2902,2804,2864,2845,-0.2231339137215997,خساپا,2844.0,283735233.0,0.020393811533052,-0.0140646976090014,0.0056258790436005,0.0070323488045007,-0.0362038664323374,0
3,2024-04-06,2845,2864,2703,2742,2760,1.0954208129884784,خساپا,2845.0,220424280.0,0.0066783831282952,-0.0499121265377855,0.0,-0.0362038664323374,0.0010869565217391,1
4,2024-04-07,2759,2799,2725,2763,2753,-0.683615793729867,خساپا,2760.0,461881624.0,0.0141304347826086,-0.0126811594202898,-0.0003623188405797,0.0010869565217391,0.003269160915365,1
5,2024-04-08,2788,2830,2750,2762,2790,-0.4954639006606429,خساپا,2753.0,146132051.0,0.0279694878314565,-0.0010897203051216,0.0127134035597529,0.003269160915365,0.0007168458781362,1
6,2024-04-09,2789,2845,2751,2792,2794,0.9172081312218228,خساپا,2790.0,73728895.0,0.0197132616487455,-0.0139784946236559,-0.0003584229390681,0.0007168458781362,-0.0497494631352899,0
7,2024-04-13,2685,2750,2655,2655,2664,1.1514074448611464,خساپا,2794.0,141353637.0,-0.0157480314960629,-0.0497494631352899,-0.0390121689334287,-0.0497494631352899,-0.0097597597597597,0
8,2024-04-14,2638,2638,2638,2638,2662,-0.9899330427178334,خساپا,2664.0,304109267.0,-0.0097597597597597,-0.0097597597597597,-0.0097597597597597,-0.0097597597597597,0.0097670924117205,1
9,2024-04-15,2688,2688,2653,2688,2688,30.98441623345762,خساپا,2662.0,3061455.0,0.0097670924117205,-0.003380916604057,0.0097670924117205,0.0097670924117205,-0.009672619047619,0
10,2024-04-16,2662,2687,2662,2662,2663,-0.0131508691824825,خساپا,2688.0,97918851.0,-0.0003720238095238,-0.009672619047619,-0.009672619047619,-0.009672619047619,-0.0093879083740142,0
11,2024-04-17,2662,2689,2637,2638,2672,-0.3534875866559486,خساپا,2663.0,96631133.0,0.0097634247089748,-0.0097634247089748,-0.0003755163349605,-0.0093879083740142,0.0497754491017964,1
12,2024-04-20,2766,2805,2731,2805,2802,2.5719951684263083,خساپا,2672.0,62473227.0,0.0497754491017964,0.0220808383233532,0.0351796407185628,0.0497754491017964,-0.002498215560314,0
13,2024-04-21,2890,2890,2794,2795,2832,-0.6410342872311109,خساپا,2802.0,223154065.0,0.0314061384725196,-0.0028551034975017,0.0314061384725196,-0.002498215560314,-0.0187146892655367,0
14,2024-04-22,2782,2837,2752,2779,2816,0.2648376327878461,خساپا,2832.0,80104658.0,0.0017655367231638,-0.0282485875706214,-0.0176553672316384,-0.0187146892655367,0.0031960227272727,1
15,2024-04-23,2751,2850,2751,2825,2810,0.2025245198386812,خساپا,2816.0,101319386.0,0.0120738636363636,-0.0230823863636363,-0.0230823863636363,0.0031960227272727,0.0071174377224199,1
16,2024-04-24,2833,2835,2784,2830,2803,-0.344289637658522,خساپا,2810.0,121839046.0,0.0088967971530249,-0.0092526690391459,0.0081850533807829,0.0071174377224199,-0.0010702818408847,0
17,2024-04-27,2854,2900,2785,2800,2811,-0.0461237340192668,خساپا,2803.0,79891125.0,0.0346057795219407,-0.0064216910453085,0.018194791295041,-0.0010702818408847,-0.0284596229099964,0
18,2024-04-28,2781,2800,2729,2731,2758,-0.1232568620882634,خساپا,2811.0,76206248.0,-0.0039131981501245,-0.0291711134827463,-0.0106723585912486,-0.0284596229099964,0.0184916606236403,1
19,2024-04-29,2731,2895,2731,2809,2860,3.308625310482695,خساپا,2758.0,66813305.0,0.0496736765772298,-0.0097897026831036,-0.0097897026831036,0.0184916606236403,-0.0262237762237762,0
20,2024-04-30,2858,2860,2770,2785,2807,-0.6127317270891387,خساپا,2860.0,287873497.0,0.0,-0.0314685314685314,-0.0006993006993006,-0.0262237762237762,0.0028500178126113,1
21,2024-05-01,2785,2847,2785,2815,2814,-0.1349511884510489,خساپا,2807.0,111484272.0,0.0142500890630566,-0.0078375489846811,-0.0078375489846811,0.0028500178126113,-0.0191897654584221,0
22,2024-05-05,2800,2855,2760,2760,2799,0.1356439540848357,خساپا,2814.0,96439337.0,0.0145700071073205,-0.0191897654584221,-0.0049751243781094,-0.0191897654584221,-0.0282243658449446,0
23,2024-05-06,2760,2805,2700,2720,2749,-0.0078166100944341,خساپا,2799.0,109520750.0,0.0021436227224008,-0.0353697749196141,-0.0139335476956055,-0.0282243658449446,-0.0210985813022917,0
24,2024-05-07,2700,2762,2671,2691,2704,0.2008419774416282,خساپا,2749.0,108664669.0,0.0047289923608584,-0.0283739541651509,-0.017824663514005,-0.0210985813022917,-0.029585798816568,0
25,2024-05-08,2690,2733,2611,2624,2660,-0.3712210865496378,خساپا,2704.0,130489096.0,0.0107248520710059,-0.0343934911242603,-0.0051775147928994,-0.029585798816568,-0.0308270676691729,0
26,2024-05-11,2610,2659,2578,2578,2602,-0.0107428516436902,خساپا,2660.0,82048792.0,-0.000375939849624,-0.0308270676691729,-0.018796992481203,-0.0308270676691729,-0.0342044581091468,0
27,2024-05-12,2618,2620,2505,2513,2553,0.5763003682490376,خساپا,2602.0,81167354.0,0.0069177555726364,-0.0372790161414296,0.0061491160645657,-0.0342044581091468,-0.0364277320799059,0
28,2024-05-13,2557,2557,2426,2460,2460,0.3510476408726215,خساپا,2553.0,127944130.0,0.0015667841754798,-0.0497453975714845,0.0015667841754798,-0.0364277320799059,0.0008130081300813,1
29,2024-05-14,2450,2510,2437,2462,2462,-0.4692024635277796,خساپا,2460.0,172858615.0,0.0203252032520325,-0.0093495934959349,-0.0040650406504065,0.0008130081300813,-0.0138099106417546,0
30,2024-05-15,2461,2509,2392,2428,2439,0.5141839453252538,خساپا,2462.0,91752927.0,0.0190901705930138,-0.0284321689683184,-0.0004061738424045,-0.0138099106417546,-0.018860188601886,0
31,2024-05-18,2458,2472,2391,2393,2433,-0.2182165296395848,خساپا,2439.0,138930809.0,0.013530135301353,-0.019680196801968,0.007790077900779,-0.018860188601886,-0.0143855322646937,0
32,2024-05-19,2380,2429,2312,2398,2332,0.7233568548971812,خساپا,2433.0,108613810.0,-0.0016440608302507,-0.0497328401150842,-0.021783806000822,-0.0143855322646937,0.0197255574614065,1
33,2024-05-21,2311,2378,2311,2378,2373,-0.7111110602985611,خساپا,2332.0,187180354.0,0.0197255574614065,-0.0090051457975986,-0.0090051457975986,0.0197255574614065,-0.0198061525495153,0
34,2024-05-25,2395,2416,2326,2326,2340,1.7834705093177847,خساپا,2373.0,54074334.0,0.0181205225453013,-0.0198061525495153,0.0092709650231774,-0.0198061525495153,-0.0196581196581196,0
35,2024-05-26,2300,2344,2294,2294,2313,-0.7278215014154733,خساپا,2340.0,150514314.0,0.0017094017094017,-0.0196581196581196,-0.017094017094017,-0.0196581196581196,-0.0185905750108084,0
36,2024-05-27,2267,2297,2267,2270,2269,2.585225729347403,خساپا,2313.0,40966760.0,-0.0069174232598357,-0.0198875918720276,-0.0198875918720276,-0.0185905750108084,0.0198325253415601,1
37,2024-05-28,2300,2314,2271,2314,2313,-0.442335385385521,خساپا,2269.0,146875082.0,0.0198325253415601,0.000881445570736,0.0136624063464081,0.0198325253415601,0.0198875918720276,1
38,2024-05-29,2359,2359,2336,2359,2342,-0.6101844779244606,خساپا,2313.0,81907036.0,0.0198875918720276,0.0099437959360138,0.0198875918720276,0.0198875918720276,0.0162254483347566,1
39,2024-06-01,2388,2388,2332,2380,2378,2.846557951711933,خساپا,2342.0,31928634.0,0.0196413321947053,-0.0042698548249359,0.0196413321947053,0.0162254483347566,0.0197645079899074,1
40,2024-06-02,2420,2425,2367,2425,2396,0.2715345634223334,خساپا,2378.0,122815341.0,0.0197645079899074,-0.0046257359125315,0.0176619007569386,0.0197645079899074,0.0196160267111853,1
41,2024-06-05,2443,2443,2427,2443,2442,-0.1224372774738518,خساپا,2396.0,156163951.0,0.0196160267111853,0.0129382303839732,0.0196160267111853,0.0196160267111853,-0.0196560196560196,0
42,2024-06-08,2442,2443,2394,2394,2398,-0.1172123231791631,خساپا,2442.0,137043662.0,0.0004095004095004,-0.0196560196560196,0.0,-0.0196560196560196,0.0195996663886572,1
43,2024-06-09,2396,2445,2364,2445,2427,-0.2649451412218185,خساپا,2398.0,120980456.0,0.0195996663886572,-0.0141784820683903,-0.0008340283569641,0.0195996663886572,0.0197775030902348,1
44,2024-06-10,2475,2475,2473,2475,2475,-0.3670435544227647,خساپا,2427.0,88927272.0,0.0197775030902348,0.018953440461475,0.0197775030902348,0.0197775030902348,0.0056565656565656,1
45,2024-06-11,2524,2524,2474,2489,2499,0.7743179830401608,خساپا,2475.0,56287090.0,0.0197979797979797,-0.0004040404040404,0.0197979797979797,0.0056565656565656,-0.0008003201280512,0
46,2024-06-12,2512,2530,2486,2497,2503,0.0868345764077963,خساپا,2499.0,99871196.0,0.0124049619847939,-0.0052020808323329,0.0052020808323329,-0.0008003201280512,-0.0199760287654814,0
47,2024-06-15,2493,2494,2453,2453,2466,-0.4045943934222334,خساپا,2503.0,108543469.0,-0.0035956851777866,-0.0199760287654814,-0.0039952057530962,-0.0199760287654814,-0.0182481751824817,0
48,2024-06-16,2417,2499,2417,2421,2432,0.6873338069199453,خساپا,2466.0,64627390.0,0.0133819951338199,-0.0198702351987023,-0.0198702351987023,-0.0182481751824817,0.0,0
49,2024-06-18,2384,2432,2384,2432,2388,0.3822466771048854,خساپا,2432.0,109047980.0,0.0,-0.0197368421052631,-0.0197368421052631,0.0,0.019681742043551,1
0,2024-03-30,550,555,535,551,546,-0.4732471086855228,ذوب,537.0,7608404905.0,0.0335195530726257,-0.0037243947858473,0.0242085661080074,0.0260707635009311,-0.0091575091575091,0
1,2024-04-02,533,547,519,541,534,-0.3107657216966598,ذوب,546.0,4007749282.0,0.0018315018315018,-0.0494505494505494,-0.0238095238095238,-0.0091575091575091,-0.0037453183520599,0
2,2024-04-03,539,542,525,532,532,-0.4127007289139854,ذوب,534.0,2762278184.0,0.0149812734082397,-0.0168539325842696,0.0093632958801498,-0.0037453183520599,-0.0413533834586466,0
3,2024-04-06,538,539,506,510,514,0.7547883799460401,ذوب,532.0,1622283964.0,0.0131578947368421,-0.0488721804511278,0.0112781954887218,-0.0413533834586466,0.0038910505836575,1
4,2024-04-07,510,528,502,516,514,-0.5165925486251816,ذوب,514.0,2846765049.0,0.0272373540856031,-0.0233463035019455,-0.0077821011673151,0.0038910505836575,0.0116731517509727,1
5,2024-04-08,523,527,517,520,521,-0.4023472675333697,ذوب,514.0,1376147437.0,0.0252918287937743,0.0058365758754863,0.0175097276264591,0.0116731517509727,-0.0172744721689059,0
6,2024-04-09,522,523,510,512,516,0.396859949646856,ذوب,521.0,822458276.0,0.0038387715930902,-0.0211132437619961,0.0019193857965451,-0.0172744721689059,-0.0484496124031007,0
7,2024-04-13,514,514,491,491,493,-0.0585477229823322,ذوب,516.0,1148859026.0,-0.003875968992248,-0.0484496124031007,-0.003875968992248,-0.0484496124031007,-0.0081135902636916,0
8,2024-04-14,489,489,489,489,491,-0.8867536010531607,ذوب,493.0,1081595946.0,-0.0081135902636916,-0.0081135902636916,-0.0081135902636916,-0.0081135902636916,0.0081466395112016,1
9,2024-04-15,495,495,492,495,495,8.986308823724631,ذوب,491.0,122486846.0,0.0081466395112016,0.0020366598778004,0.0081466395112016,0.0081466395112016,-0.006060606060606,0
10,2024-04-16,491,496,491,492,491,-0.0437164313746265,ذوب,495.0,1223191471.0,0.002020202020202,-0.008080808080808,-0.008080808080808,-0.006060606060606,-0.0020366598778004,0
11,2024-04-17,495,495,488,490,493,-0.3842820846621134,ذوب,491.0,1169717905.0,0.0081466395112016,-0.0061099796334012,0.0081466395112016,-0.0020366598778004,0.0486815415821501,1
12,2024-04-20,507,517,504,517,515,1.5061862959580183,ذوب,493.0,720216270.0,0.0486815415821501,0.0223123732251521,0.0283975659229208,0.0486815415821501,0.0058252427184466,1
13,2024-04-21,530,532,514,518,523,-0.3098867624950596,ذوب,515.0,1804996146.0,0.033009708737864,-0.0019417475728155,0.029126213592233,0.0058252427184466,-0.022944550669216,0
14,2024-04-22,521,521,508,511,514,-0.1797108203600028,ذوب,523.0,1245651734.0,-0.0038240917782026,-0.02868068833652,-0.0038240917782026,-0.022944550669216,-0.0233463035019455,0
15,2024-04-23,506,513,498,502,502,0.0941335042569155,ذوب,514.0,1021794639.0,-0.0019455252918287,-0.0311284046692607,-0.0155642023346303,-0.0233463035019455,-0.0079681274900398,0
16,2024-04-24,498,507,496,498,500,-0.1212705714224882,ذوب,502.0,1117979749.0,0.0099601593625498,-0.0119521912350597,-0.0079681274900398,-0.0079681274900398,-0.014,0
17,2024-04-27,499,511,492,493,497,-0.2390942346348083,ذوب,500.0,982401706.0,0.022,-0.016,-0.002,-0.014,-0.0261569416498993,0
18,2024-04-28,492,495,480,484,484,-0.0702524583843803,ذوب,497.0,747515122.0,-0.0040241448692152,-0.0342052313883299,-0.0100603621730382,-0.0261569416498993,0.0020661157024793,1
19,2024-04-29,489,493,481,485,486,-0.2994540418553201,ذوب,484.0,695000347.0,0.018595041322314,-0.006198347107438,0.0103305785123966,0.0020661157024793,-0.0102880658436214,0
20,2024-04-30,490,490,474,481,480,0.5006325813339955,ذوب,486.0,486879684.0,0.0082304526748971,-0.0246913580246913,0.0082304526748971,-0.0102880658436214,0.0166666666666666,1
21,2024-05-01,483,494,478,488,485,-0.2841696324996202,ذوب,480.0,730627517.0,0.0291666666666666,-0.0041666666666666,0.00625,0.0166666666666666,-0.0082474226804123,0
22,2024-05-05,495,495,479,481,483,0.0295275346353809,ذوب,485.0,523005364.0,0.0206185567010309,-0.0123711340206185,0.0206185567010309,-0.0082474226804123,-0.0186335403726708,0
23,2024-05-06,480,481,472,474,475,0.0305410366110404,ذوب,483.0,538448423.0,-0.0041407867494824,-0.0227743271221532,-0.0062111801242236,-0.0186335403726708,-0.0147368421052631,0
24,2024-05-07,476,479,466,468,469,0.128722371286744,ذوب,475.0,554893196.0,0.0084210526315789,-0.0189473684210526,0.0021052631578947,-0.0147368421052631,-0.0191897654584221,0
25,2024-05-08,470,470,457,460,461,0.035778009606598,ذوب,469.0,626320364.0,0.0021321961620469,-0.0255863539445629,0.0021321961620469,-0.0191897654584221,-0.0195227765726681,0
26,2024-05-11,465,466,451,452,456,-0.0953598272165662,ذوب,461.0,648728860.0,0.0108459869848156,-0.0216919739696312,0.0086767895878524,-0.0195227765726681,-0.0241228070175438,0
27,2024-05-12,456,460,440,445,447,0.4984000628777066,ذوب,456.0,586866188.0,0.0087719298245614,-0.0350877192982456,0.0,-0.0241228070175438,-0.0357941834451901,0
28,2024-05-13,448,448,425,431,431,0.0354699056001199,ذوب,447.0,879360333.0,0.0022371364653243,-0.0492170022371364,0.0022371364653243,-0.0357941834451901,0.0139211136890951,1
29,2024-05-14,434,448,432,437,438,-0.350977123184405,ذوب,431.0,910551161.0,0.0394431554524361,0.0023201856148491,0.0069605568445475,0.0139211136890951,0.0091324200913242,1
30,2024-05-15,440,446,428,442,438,-0.2432046221262941,ذوب,438.0,590968534.0,0.0182648401826484,-0.0228310502283105,0.0045662100456621,0.0091324200913242,0.0068493150684931,1
31,2024-05-18,445,445,430,441,436,0.0627904914753638,ذوب,438.0,447242255.0,0.0159817351598173,-0.0182648401826484,0.0159817351598173,0.0068493150684931,-0.036697247706422,0
32,2024-05-19,415,422,415,420,415,0.5827597669548144,ذوب,436.0,475324816.0,-0.0321100917431192,-0.0481651376146789,-0.0481651376146789,-0.036697247706422,0.0072289156626506,1
33,2024-05-21,415,423,412,418,419,-0.3258726502899189,ذوب,415.0,752324995.0,0.0192771084337349,-0.0072289156626506,0.0,0.0072289156626506,-0.0190930787589498,0
34,2024-05-25,424,424,411,411,412,-0.0965747166164209,ذوب,419.0,507162855.0,0.0119331742243436,-0.0190930787589498,0.0119331742243436,-0.0190930787589498,-0.0194174757281553,0
35,2024-05-26,404,404,404,404,404,-0.4476738509183169,ذوب,412.0,458183746.0,-0.0194174757281553,-0.0194174757281553,-0.0194174757281553,-0.0194174757281553,-0.0148514851485148,0
36,2024-05-27,396,401,396,398,396,1.401062199119044,ذوب,404.0,253066864.0,-0.0074257425742574,-0.0198019801980198,-0.0198019801980198,-0.0148514851485148,0.0176767676767676,1
37,2024-05-28,402,403,399,403,402,-0.6033116366556404,ذوب,396.0,607629281.0,0.0176767676767676,0.0075757575757575,0.0151515151515151,0.0176767676767676,0.0199004975124378,1
38,2024-05-29,410,410,410,410,404,-0.6958116754864188,ذوب,402.0,241039465.0,0.0199004975124378,0.0199004975124378,0.0199004975124378,0.0199004975124378,0.0198019801980198,1
39,2024-06-01,412,412,408,412,412,13.515950672567028,ذوب,404.0,73321391.0,0.0198019801980198,0.0099009900990099,0.0198019801980198,0.0198019801980198,0.0048543689320388,1
40,2024-06-02,416,416,405,414,410,-0.6493710165626827,ذوب,412.0,1064329695.0,0.0097087378640776,-0.0169902912621359,0.0097087378640776,0.0048543689320388,-0.0170731707317073,0
41,2024-06-05,412,414,402,403,403,1.6180615231263455,ذوب,410.0,373184839.0,0.0097560975609756,-0.0195121951219512,0.0048780487804878,-0.0170731707317073,-0.0198511166253101,0
42,2024-06-08,401,405,395,395,395,-0.3164235331358347,ذوب,403.0,977020868.0,0.0049627791563275,-0.0198511166253101,-0.0049627791563275,-0.0198511166253101,0.0177215189873417,1
43,2024-06-09,391,402,388,402,399,-0.0992598702888615,ذوب,395.0,667868473.0,0.0177215189873417,-0.0177215189873417,-0.010126582278481,0.0177215189873417,0.0175438596491228,1
44,2024-06-10,406,406,406,406,403,-0.7586416600923374,ذوب,399.0,601575935.0,0.0175438596491228,0.0175438596491228,0.0175438596491228,0.0175438596491228,0.0198511166253101,1
45,2024-06-11,411,411,405,411,410,3.5685412528549723,ذوب,403.0,145195369.0,0.0198511166253101,0.0049627791563275,0.0198511166253101,0.0198511166253101,0.0,0
46,2024-06-12,415,418,404,410,411,-0.2701268357514038,ذوب,410.0,663331033.0,0.0195121951219512,-0.0146341463414634,0.0121951219512195,0.0,-0.0194647201946472,0
47,2024-06-15,410,413,403,403,403,-0.1543638063043264,ذوب,411.0,484147520.0,0.0048661800486618,-0.0194647201946472,-0.0024330900243309,-0.0194647201946472,-0.0124069478908188,0
48,2024-06-16,397,402,395,398,396,0.0442935710249863,ذوب,403.0,409412666.0,-0.0024813895781637,-0.0198511166253101,-0.0148883374689826,-0.0124069478908188,-0.005050505050505,0
49,2024-06-18,395,402,389,394,394,-0.2386199515391307,ذوب,396.0,427547015.0,0.0151515151515151,-0.0176767676767676,-0.0025252525252525,-0.005050505050505,0.0177664974619289,1
0,2024-03-30,2914,2958,2851,2900,2874,-0.2520515962145173,خاور,2935.0,171636235.0,0.0078364565587734,-0.0286201022146507,-0.0071550255536626,-0.0119250425894378,-0.0483646485734168,0
1,2024-04-02,2801,2837,2702,2735,2749,0.40642310022739,خاور,2874.0,128375048.0,-0.0128740431454418,-0.0598469032707028,-0.0254001391788448,-0.0483646485734168,-0.0174608948708621,0
2,2024-04-03,2789,2789,2682,2701,2710,-0.0208675971110946,خاور,2749.0,180549633.0,0.0145507457257184,-0.0243724990905783,0.0145507457257184,-0.0174608948708621,-0.0619926199261992,0
3,2024-04-06,2659,2698,2521,2542,2575,0.3425136460163058,خاور,2710.0,176781996.0,-0.0044280442804428,-0.0697416974169741,-0.0188191881918819,-0.0619926199261992,0.0213592233009708,1
4,2024-04-07,2524,2669,2524,2630,2599,-0.5362542860906357,خاور,2575.0,237332242.0,0.036504854368932,-0.0198058252427184,-0.0198058252427184,0.0213592233009708,-0.0023085802231627,0
5,2024-04-08,2669,2691,2583,2593,2622,0.0274209737237648,خاور,2599.0,110061810.0,0.0353982300884955,-0.006156213928434,0.0269334359368988,-0.0023085802231627,-0.0122044241037376,0
6,2024-04-09,2602,2640,2578,2590,2604,-0.1427471333256196,خاور,2622.0,113079812.0,0.0068649885583524,-0.0167810831426392,-0.007627765064836,-0.0122044241037376,-0.0698924731182795,0
7,2024-04-13,2439,2530,2422,2422,2429,1.652558754749544,خاور,2604.0,96937993.0,-0.0284178187403993,-0.0698924731182795,-0.0633640552995391,-0.0698924731182795,-0.0098806093042404,0
8,2024-04-14,2405,2405,2405,2405,2424,-0.9672726667877504,خاور,2429.0,257133722.0,-0.0098806093042404,-0.0098806093042404,-0.0098806093042404,-0.0098806093042404,0.0099009900990099,1
9,2024-04-15,2410,2448,2410,2448,2445,6.576862788389863,خاور,2424.0,8415301.0,0.0099009900990099,-0.0057755775577557,-0.0057755775577557,0.0099009900990099,-0.0098159509202454,0
10,2024-04-16,2421,2450,2421,2421,2421,1.2334327155407263,خاور,2445.0,63761581.0,0.0020449897750511,-0.0098159509202454,-0.0098159509202454,-0.0098159509202454,0.0066088393225939,1
11,2024-04-17,2445,2445,2409,2437,2443,-0.3209511083642463,خاور,2421.0,142407201.0,0.0099132589838909,-0.0049566294919454,0.0099132589838909,0.0066088393225939,0.062218583708555,1
12,2024-04-20,2526,2602,2526,2595,2582,0.5884337807047613,خاور,2443.0,96701452.0,0.065083913221449,0.0339746213671715,0.0339746213671715,0.062218583708555,-0.0034856700232378,0
13,2024-04-21,2670,2670,2562,2573,2609,-0.3450780365515961,خاور,2582.0,153603853.0,0.0340821068938807,-0.0077459333849728,0.0340821068938807,-0.0034856700232378,-0.012265235722499,0
14,2024-04-22,2598,2610,2541,2577,2573,0.1733257810697585,خاور,2609.0,100598537.0,0.000383288616328,-0.0260636259103104,-0.004216174779609,-0.012265235722499,0.0454722114263505,1
15,2024-04-23,2606,2752,2562,2690,2673,1.171655784697566,خاور,2573.0,118034857.0,0.0695685969685192,-0.0042751651768363,0.0128254955305091,0.0454722114263505,-0.0014964459408903,0
16,2024-04-24,2710,2734,2650,2669,2685,-0.5146662550635686,خاور,2673.0,256331080.0,0.0228208005985783,-0.0086045641601197,0.013842124953236,-0.0014964459408903,-0.0223463687150838,0
17,2024-04-27,2650,2679,2604,2625,2634,-0.060313012085426,خاور,2685.0,124406123.0,-0.0022346368715083,-0.0301675977653631,-0.0130353817504655,-0.0223463687150838,-0.0341685649202733,0
18,2024-04-28,2649,2649,2526,2544,2548,-0.205289453466112,خاور,2634.0,116902815.0,0.0056947608200455,-0.041002277904328,0.0056947608200455,-0.0341685649202733,-0.0070643642072213,0
19,2024-04-29,2565,2652,2517,2530,2562,-0.3013330549094279,خاور,2548.0,92903900.0,0.0408163265306122,-0.0121664050235478,0.0066718995290423,-0.0070643642072213,-0.0202966432474629,0
20,2024-04-30,2530,2570,2467,2510,2505,0.1615556508412623,خاور,2562.0,64908884.0,0.0031225604996096,-0.0370804059328649,-0.0124902419984387,-0.0202966432474629,-0.0011976047904191,0
21,2024-05-01,2511,2561,2489,2502,2505,-0.0025905467478793,خاور,2505.0,75395281.0,0.0223552894211576,-0.0063872255489021,0.0023952095808383,-0.0011976047904191,-0.0147704590818363,0
22,2024-05-05,2530,2566,2457,2468,2490,0.1148817141752431,خاور,2505.0,75199966.0,0.0243512974051896,-0.0191616766467065,0.0099800399201596,-0.0147704590818363,-0.0281124497991967,0
23,2024-05-06,2461,2490,2415,2420,2437,0.2332733855447127,خاور,2490.0,83839067.0,0.0,-0.0301204819277108,-0.0116465863453815,-0.0281124497991967,-0.0102585145670906,0
24,2024-05-07,2425,2475,2389,2412,2408,-0.217694217666383,خاور,2437.0,103396490.0,0.0155929421419778,-0.0196963479688141,-0.0049240869922035,-0.0102585145670906,-0.002906976744186,0
25,2024-05-08,2401,2450,2382,2401,2406,-0.220883202078062,خاور,2408.0,80887672.0,0.0174418604651162,-0.010797342192691,-0.002906976744186,-0.002906976744186,-0.0207813798836242,0
26,2024-05-11,2410,2429,2351,2356,2370,0.2286589201202698,خاور,2406.0,63020944.0,0.0095594347464671,-0.0228595178719867,0.0016625103906899,-0.0207813798836242,-0.0248945147679324,0
27,2024-05-12,2391,2416,2311,2311,2349,0.0317742921478274,خاور,2370.0,77431245.0,0.0194092827004219,-0.0248945147679324,0.0088607594936708,-0.0248945147679324,-0.0374627501064282,0
28,2024-05-13,2313,2367,2218,2261,2252,0.2929416280827033,خاور,2349.0,79891568.0,0.0076628352490421,-0.0557684120902511,-0.0153256704980842,-0.0374627501064282,-0.0288632326820603,0
29,2024-05-14,2300,2309,2174,2187,2215,0.1011955993977412,خاور,2252.0,103295134.0,0.0253108348134991,-0.0346358792184724,0.0213143872113676,-0.0288632326820603,0.0176072234762979,1
30,2024-05-15,2198,2279,2114,2254,2185,0.6208830285384781,خاور,2215.0,113748147.0,0.0288939051918735,-0.0455981941309255,-0.0076749435665914,0.0176072234762979,0.008695652173913,1
31,2024-05-18,2275,2275,2186,2204,2221,-0.5091886427863695,خاور,2185.0,184372441.0,0.0411899313501144,0.0004576659038901,0.0411899313501144,0.008695652173913,-0.0378208014407924,0
32,2024-05-19,2200,2200,2075,2137,2103,0.3868936806939408,خاور,2221.0,90492088.0,-0.0094552003601981,-0.0657361548851868,-0.0094552003601981,-0.0378208014407924,0.0076081787922016,1
33,2024-05-21,2062,2145,2062,2119,2113,-0.4931525688588642,خاور,2103.0,125502905.0,0.0199714693295292,-0.0194959581550166,-0.0194959581550166,0.0076081787922016,-0.0189304306672976,0
34,2024-05-25,2135,2141,2071,2073,2075,0.9833174935240976,خاور,2113.0,63610825.0,0.0132513014671083,-0.0198769522006625,0.0104117368670137,-0.0189304306672976,-0.0197590361445783,0
35,2024-05-26,2034,2051,2034,2034,2034,-0.4211083263154188,خاور,2075.0,126160462.0,-0.0115662650602409,-0.0197590361445783,-0.0197590361445783,-0.0197590361445783,0.0068829891838741,1
36,2024-05-27,1994,2053,1994,2048,2002,0.9774306606494432,خاور,2034.0,73033241.0,0.0093411996066863,-0.0196656833824975,-0.0196656833824975,0.0068829891838741,0.0199800199800199,1
37,2024-05-28,2042,2042,2042,2042,2042,-0.9177793625275822,خاور,2002.0,144418170.0,0.0199800199800199,0.0199800199800199,0.0199800199800199,0.0199800199800199,0.019588638589618,1
38,2024-05-29,2082,2082,2082,2082,2082,-0.5971681856240032,خاور,2042.0,11874154.0,0.019588638589618,0.019588638589618,0.019588638589618,0.019588638589618,0.0196926032660903,1
39,2024-06-01,2123,2123,2091,2123,2123,33.00600779338559,خاور,2082.0,4783287.0,0.0196926032660903,0.0043227665706051,0.0196926032660903,0.0196926032660903,0.0197833254828073,1
40,2024-06-02,2155,2165,2110,2165,2143,-0.2997906775090042,خاور,2123.0,162660495.0,0.0197833254828073,-0.0061234102684879,0.0150730098916627,0.0197833254828073,0.0172655156322911,1
41,2024-06-05,2184,2185,2145,2180,2177,-0.1319039202250431,خاور,2143.0,113896395.0,0.0195986934204386,0.0009332711152589,0.0191320578628091,0.0172655156322911,-0.0192926045016077,0
42,2024-06-08,2190,2190,2134,2135,2135,0.3337553965938572,خاور,2177.0,98873014.0,0.0059715204409738,-0.0197519522278364,0.0059715204409738,-0.0192926045016077,0.0196721311475409,1
43,2024-06-09,2134,2177,2099,2177,2155,-0.2570582766907068,خاور,2135.0,131872416.0,0.0196721311475409,-0.0168618266978922,-0.0004683840749414,0.0196721311475409,0.019953596287703,1
44,2024-06-10,2198,2198,2165,2198,2198,-0.5613419830174521,خاور,2155.0,97973520.0,0.019953596287703,0.0046403712296983,0.019953596287703,0.019953596287703,-0.0063694267515923,0
45,2024-06-11,2238,2241,2179,2184,2206,0.7698449887113696,خاور,2198.0,42976870.0,0.0195632393084622,-0.0086442220200181,0.0181983621474067,-0.0063694267515923,-0.0199456029011786,0
46,2024-06-12,2180,2198,2162,2162,2165,-0.158007416489814,خاور,2206.0,76062398.0,-0.0036264732547597,-0.0199456029011786,-0.0117860380779691,-0.0199456029011786,-0.0193995381062355,0
47,2024-06-15,2162,2162,2122,2123,2123,0.4696899747400126,خاور,2165.0,64043975.0,-0.0013856812933025,-0.0198614318706697,-0.0013856812933025,-0.0193995381062355,-0.0197833254828073,0
48,2024-06-16,2082,2099,2081,2081,2081,0.2189563497343548,خاور,2123.0,94124788.0,-0.011304757418747,-0.0197833254828073,-0.0193122939236928,-0.0197833254828073,-0.0197020663142719,0
49,2024-06-18,2040,2040,2040,2040,2040,-0.8408757410444513,خاور,2081.0,114734008.0,-0.0197020663142719,-0.0197020663142719,-0.0197020663142719,-0.0197020663142719,-0.0196078431372549,0
0,2024-03-26,1588,1588,1544,1563,1564,-0.4344545197001485,وتجارت,1573.0,169538570.0,0.0095359186268277,-0.0184361093452002,0.0095359186268277,-0.0063572790845518,-0.0300511508951406,0
1,2024-03-27,1556,1558,1507,1517,1530,0.8721837452065446,وتجارت,1564.0,95881772.0,-0.0038363171355498,-0.0364450127877237,-0.0051150895140664,-0.0300511508951406,-0.0013071895424836,0
2,2024-03-30,1525,1538,1496,1528,1509,-0.4595298618373039,وتجارت,1530.0,179508295.0,0.0052287581699346,-0.0222222222222222,-0.0032679738562091,-0.0013071895424836,-0.0059642147117296,0
3,2024-04-02,1464,1519,1461,1500,1486,0.4499393638596482,وتجارت,1509.0,97018873.0,0.0066269052352551,-0.0318091451292246,-0.0298210735586481,-0.0059642147117296,-0.003364737550471,0
4,2024-04-03,1473,1500,1463,1481,1481,-0.1805397544575541,وتجارت,1486.0,140671483.0,0.0094212651413189,-0.0154777927321668,-0.0087483176312247,-0.003364737550471,-0.0418636056718433,0
5,2024-04-06,1480,1488,1410,1419,1447,0.578822932923488,وتجارت,1481.0,115274688.0,0.0047265361242403,-0.0479405806887238,-0.00067521944632,-0.0418636056718433,0.0200414651002073,1
6,2024-04-07,1495,1497,1443,1476,1461,-0.1730198324192232,وتجارت,1447.0,181998321.0,0.0345542501727712,-0.0027643400138217,0.0331720801658604,0.0200414651002073,0.0047912388774811,1
7,2024-04-08,1483,1513,1460,1468,1482,-0.4976403072555089,وتجارت,1461.0,150509002.0,0.0355920602327173,-0.000684462696783,0.0150581793292265,0.0047912388774811,0.0006747638326585,1
8,2024-04-09,1469,1493,1450,1483,1483,0.2662498821579085,وتجارت,1482.0,75609656.0,0.0074224021592442,-0.0215924426450742,-0.0087719298245614,0.0006747638326585,-0.0485502360080917,0
9,2024-04-13,1488,1488,1409,1411,1418,3.4888614580893367,وتجارت,1483.0,95740718.0,0.0033715441672285,-0.0498988536749831,0.0033715441672285,-0.0485502360080917,-0.0098730606488011,0
10,2024-04-14,1404,1404,1404,1404,1404,-0.798528943668869,وتجارت,1418.0,429766819.0,-0.0098730606488011,-0.0098730606488011,-0.0098730606488011,-0.0098730606488011,0.0099715099715099,1
11,2024-04-15,1418,1418,1418,1418,1415,-0.2852256510394485,وتجارت,1404.0,86585575.0,0.0099715099715099,0.0099715099715099,0.0099715099715099,0.0099715099715099,-0.0084805653710247,0
12,2024-04-16,1401,1420,1401,1403,1401,1.5963029899846093,وتجارت,1415.0,61889148.0,0.0035335689045936,-0.0098939929328621,-0.0098939929328621,-0.0084805653710247,0.0,0
13,2024-04-17,1414,1415,1400,1401,1407,-0.6388025850653255,وتجارت,1401.0,160682980.0,0.0099928622412562,-0.0007137758743754,0.0092790863668807,0.0,0.0497512437810945,1
14,2024-04-20,1477,1477,1453,1477,1472,0.9933911029095506,وتجارت,1407.0,58038277.0,0.0497512437810945,0.0326936744847192,0.0497512437810945,0.0497512437810945,-0.0013586956521739,0
15,2024-04-21,1500,1528,1465,1470,1491,0.278802651690593,وتجارت,1472.0,115692985.0,0.0380434782608695,-0.0047554347826086,0.0190217391304347,-0.0013586956521739,-0.0194500335345405,0
16,2024-04-22,1475,1498,1460,1462,1477,-0.351414515224271,وتجارت,1491.0,147948496.0,0.0046948356807511,-0.0207914151576123,-0.0107310529845741,-0.0194500335345405,-0.0196343940419769,0
17,2024-04-23,1495,1495,1440,1448,1453,0.1910582845295676,وتجارت,1477.0,95957247.0,0.0121868652674339,-0.0250507786052809,0.0121868652674339,-0.0196343940419769,-0.0089470061940812,0
18,2024-04-24,1449,1473,1438,1440,1448,-0.4564203812465048,وتجارت,1453.0,114290674.0,0.013764624913971,-0.0103234686854783,-0.0027529249827942,-0.0089470061940812,-0.0220994475138121,0
19,2024-04-27,1421,1440,1397,1416,1414,2.547938071290864,وتجارت,1448.0,62126081.0,-0.005524861878453,-0.0352209944751381,-0.018646408839779,-0.0220994475138121,-0.0282885431400282,0
20,2024-04-28,1400,1420,1369,1374,1386,-0.3784517274625009,وتجارت,1414.0,220419488.0,0.0042432814710042,-0.0318246110325318,-0.0099009900990099,-0.0282885431400282,-0.0072150072150072,0
21,2024-04-29,1380,1399,1376,1376,1387,-0.0263489005568353,وتجارت,1386.0,137001352.0,0.0093795093795093,-0.0072150072150072,-0.0043290043290043,-0.0072150072150072,-0.0144196106705118,0
22,2024-04-30,1368,1394,1359,1367,1374,-0.3534411787220322,وتجارت,1387.0,133391517.0,0.0050468637346791,-0.0201874549387166,-0.0136986301369863,-0.0144196106705118,0.0181950509461426,1
23,2024-05-01,1376,1400,1370,1399,1378,0.4920443234450991,وتجارت,1374.0,86245462.0,0.0189228529839883,-0.0029112081513828,0.0014556040756914,0.0181950509461426,-0.0050798258345428,0
24,2024-05-05,1400,1408,1370,1371,1380,-0.4931012523797802,وتجارت,1378.0,128682052.0,0.0217706821480406,-0.0058055152394775,0.0159651669085631,-0.0050798258345428,-0.0108695652173913,0
25,2024-05-06,1395,1395,1356,1365,1368,0.4116343538037839,وتجارت,1380.0,65228771.0,0.0108695652173913,-0.017391304347826,0.0108695652173913,-0.0108695652173913,-0.0073099415204678,0
26,2024-05-07,1370,1387,1358,1358,1365,-0.3082974223899967,وتجارت,1368.0,92079174.0,0.0138888888888888,-0.0073099415204678,0.0014619883040935,-0.0073099415204678,-0.0139194139194139,0
27,2024-05-08,1365,1365,1345,1346,1351,0.9274381022418066,وتجارت,1365.0,63691402.0,0.0,-0.0146520146520146,0.0,-0.0139194139194139,-0.0170244263508512,0
28,2024-05-11,1350,1351,1327,1328,1339,-0.2099216662328299,وتجارت,1351.0,122761235.0,0.0,-0.0177646188008882,-0.000740192450037,-0.0170244263508512,-0.0492905153099327,0
29,2024-05-12,1350,1350,1273,1273,1295,2.171937771293236,وتجارت,1339.0,96990992.0,0.0082150858849887,-0.0492905153099327,0.0082150858849887,-0.0492905153099327,-0.0262548262548262,0
30,2024-05-13,1295,1308,1250,1261,1269,-0.6405445086676606,وتجارت,1295.0,307649391.0,0.01003861003861,-0.0347490347490347,0.0,-0.0262548262548262,0.0007880220646178,1
31,2024-05-14,1275,1296,1261,1270,1272,-0.4737114138670189,وتجارت,1269.0,110586263.0,0.0212765957446808,-0.0063041765169424,0.0047281323877068,0.0007880220646178,0.0062893081761006,1
32,2024-05-15,1288,1288,1264,1280,1274,0.0707969864341564,وتجارت,1272.0,58200288.0,0.0125786163522012,-0.0062893081761006,0.0125786163522012,0.0062893081761006,-0.0031397174254317,0
33,2024-05-18,1278,1324,1270,1270,1284,-0.1051511574173284,وتجارت,1274.0,62320693.0,0.0392464678178963,-0.0031397174254317,0.0031397174254317,-0.0031397174254317,-0.0381619937694704,0
34,2024-05-19,1273,1273,1220,1235,1228,1.7625144169732962,وتجارت,1284.0,55767600.0,-0.0085669781931464,-0.0498442367601246,-0.0085669781931464,-0.0381619937694704,-0.011400651465798,0
35,2024-05-21,1223,1233,1209,1214,1218,-0.3426159839140379,وتجارت,1228.0,154058799.0,0.004071661237785,-0.015472312703583,-0.004071661237785,-0.011400651465798,-0.0197044334975369,0
36,2024-05-25,1218,1238,1194,1194,1205,-0.3722577158419062,وتجارت,1218.0,101275792.0,0.0164203612479474,-0.0197044334975369,0.0,-0.0197044334975369,-0.0199170124481327,0
37,2024-05-26,1181,1181,1181,1181,1197,-0.4857050237768414,وتجارت,1205.0,63575097.0,-0.0199170124481327,-0.0199170124481327,-0.0199170124481327,-0.0199170124481327,-0.0192147034252297,0
38,2024-05-27,1174,1177,1174,1174,1174,2.2735213618472985,وتجارت,1197.0,32696353.0,-0.0167084377610693,-0.0192147034252297,-0.0192147034252297,-0.0192147034252297,0.0195911413969335,1
39,2024-05-28,1168,1197,1168,1197,1191,-0.2971741590685645,وتجارت,1174.0,107032210.0,0.0195911413969335,-0.0051107325383304,-0.0051107325383304,0.0195911413969335,0.0193115029387069,1
40,2024-05-29,1214,1214,1201,1214,1207,-0.1114226874806505,وتجارت,1191.0,75225003.0,0.0193115029387069,0.0083963056255247,0.0193115029387069,0.0193115029387069,0.0198840099420049,1
41,2024-06-01,1220,1231,1208,1231,1230,1.158618828584154,وتجارت,1207.0,66843231.0,0.0198840099420049,0.0008285004142502,0.0107705053852526,0.0198840099420049,0.0195121951219512,1
42,2024-06-02,1227,1254,1217,1254,1241,-0.1790529340003934,وتجارت,1230.0,144289057.0,0.0195121951219512,-0.0105691056910569,-0.0024390243902439,0.0195121951219512,0.0193392425463336,1
43,2024-06-05,1265,1265,1265,1265,1265,0.3659646093893344,وتجارت,1241.0,118453678.0,0.0193392425463336,0.0193392425463336,0.0193392425463336,0.0193392425463336,0.0189723320158102,1
44,2024-06-08,1290,1290,1250,1289,1282,1.9272281089636536,وتجارت,1265.0,161803532.0,0.0197628458498023,-0.0118577075098814,0.0197628458498023,0.0189723320158102,0.1489859594383775,1
45,2024-06-10,1500,1519,1470,1473,1478,1.2730550460214638,وتجارت,1282.0,473635847.0,0.1848673946957878,0.1466458658346333,0.1700468018720748,0.1489859594383775,0.0108254397834912,1
46,2024-06-11,1492,1507,1486,1494,1500,-0.1527292292767149,وتجارت,1478.0,1076600352.0,0.0196211096075778,0.0054127198917456,0.0094722598105548,0.0108254397834912,0.0166666666666666,1
47,2024-06-12,1524,1530,1500,1525,1512,-0.3418938013675732,وتجارت,1500.0,912172010.0,0.02,0.0,0.016,0.0166666666666666,0.0085978835978835,1
48,2024-06-15,1527,1528,1512,1525,1517,-0.2309048710676504,وتجارت,1512.0,600306054.0,0.0105820105820105,0.0,0.0099206349206349,0.0085978835978835,0.004614370468029,1
49,2024-06-16,1520,1525,1520,1524,1522,-0.5138693145914953,وتجارت,1517.0,461692462.0,0.005273566249176,0.001977587343441,0.001977587343441,0.004614370468029,0.0052562417871222,1
0,2024-03-30,5710,5710,5510,5540,5580,-0.6228312120537886,خکرمان,5610.0,7505690.0,0.017825311942959,-0.017825311942959,0.017825311942959,-0.0124777183600713,-0.03584229390681,0
1,2024-04-02,5310,5490,5310,5380,5340,2.734131262292858,خکرمان,5580.0,2830912.0,-0.0161290322580645,-0.0483870967741935,-0.0483870967741935,-0.03584229390681,0.0112359550561797,1
2,2024-04-03,5320,5530,5310,5400,5410,-0.427756341241985,خکرمان,5340.0,10570997.0,0.0355805243445692,-0.0056179775280898,-0.0037453183520599,0.0112359550561797,-0.044362292051756,0
3,2024-04-06,5270,5410,5140,5170,5220,1.1464253206960409,خکرمان,5410.0,6049186.0,0.0,-0.0499075785582255,-0.0258780036968576,-0.044362292051756,-0.003831417624521,0
4,2024-04-07,5300,5300,5100,5200,5180,-0.723085096370753,خکرمان,5220.0,12984126.0,0.0153256704980842,-0.0229885057471264,0.0153256704980842,-0.003831417624521,0.025096525096525,1
5,2024-04-08,5230,5430,5230,5310,5370,-0.076240064658637,خکرمان,5180.0,3595498.0,0.0482625482625482,0.0096525096525096,0.0096525096525096,0.025096525096525,-0.0111731843575419,0
6,2024-04-09,5440,5500,5260,5310,5310,-0.0337965247546424,خکرمان,5370.0,3321377.0,0.0242085661080074,-0.0204841713221601,0.0130353817504655,-0.0111731843575419,-0.0489642184557438,0
7,2024-04-13,5290,5290,5050,5050,5050,4.881367076269364,خکرمان,5310.0,3209126.0,-0.0037664783427495,-0.0489642184557438,-0.0037664783427495,-0.0489642184557438,-0.0099009900990099,0
8,2024-04-14,5000,5040,5000,5000,5000,-0.5252829175807967,خکرمان,5050.0,18874048.0,-0.0019801980198019,-0.0099009900990099,-0.0099009900990099,-0.0099009900990099,0.01,1
9,2024-04-15,5050,5050,5050,5050,5050,-0.8561005545527467,خکرمان,5000.0,8959833.0,0.01,0.01,0.01,0.01,0.0,0
10,2024-04-16,5100,5100,5000,5050,5040,10.7087748145333,خکرمان,5050.0,1289315.0,0.0099009900990099,-0.0099009900990099,0.0099009900990099,0.0,0.0099206349206349,1
11,2024-04-17,5090,5090,5020,5090,5090,-0.7739179649263703,خکرمان,5040.0,15096299.0,0.0099206349206349,-0.0039682539682539,0.0099206349206349,0.0099206349206349,0.0491159135559921,1
12,2024-04-20,5290,5340,5260,5340,5340,0.3070373237402146,خکرمان,5090.0,3413002.0,0.0491159135559921,0.0333988212180746,0.0392927308447937,0.0491159135559921,0.0280898876404494,1
13,2024-04-21,5580,5600,5420,5490,5540,1.3861142127376835,خکرمان,5340.0,4460921.0,0.048689138576779,0.0149812734082397,0.0449438202247191,0.0280898876404494,-0.0324909747292418,0
14,2024-04-22,5400,5570,5270,5360,5370,-0.2345793280082132,خکرمان,5540.0,10644267.0,0.0054151624548736,-0.0487364620938628,-0.0252707581227436,-0.0324909747292418,0.0204841713221601,1
15,2024-04-23,5430,5580,5220,5480,5420,-0.4918966210084221,خکرمان,5370.0,8147342.0,0.0391061452513966,-0.0279329608938547,0.0111731843575419,0.0204841713221601,-0.007380073800738,0
16,2024-04-24,5380,5580,5380,5380,5440,-0.0802298818366197,خکرمان,5420.0,4139692.0,0.029520295202952,-0.007380073800738,-0.007380073800738,-0.007380073800738,-0.0330882352941176,0
17,2024-04-27,5360,5470,5170,5260,5260,1.7505011733220577,خکرمان,5440.0,3807565.0,0.0055147058823529,-0.0496323529411764,-0.0147058823529411,-0.0330882352941176,-0.0152091254752851,0
18,2024-04-28,5240,5310,5120,5180,5180,-0.7161774333143125,خکرمان,5260.0,10472712.0,0.0095057034220532,-0.026615969581749,-0.0038022813688212,-0.0152091254752851,0.0019305019305019,1
19,2024-04-29,5140,5400,5130,5190,5240,0.6235398964874082,خکرمان,5180.0,2972392.0,0.0424710424710424,-0.0096525096525096,-0.0077220077220077,0.0019305019305019,-0.0190839694656488,0
20,2024-04-30,5190,5350,5130,5140,5170,-0.3730438723386002,خکرمان,5240.0,4825797.0,0.0209923664122137,-0.0209923664122137,-0.0095419847328244,-0.0190839694656488,0.0038684719535783,1
21,2024-05-01,5320,5320,5110,5190,5160,-0.2240217771039638,خکرمان,5170.0,3025563.0,0.0290135396518375,-0.011605415860735,0.0290135396518375,0.0038684719535783,-0.0077519379844961,0
22,2024-05-05,5150,5240,5090,5120,5120,0.2616805472083947,خکرمان,5160.0,2347771.0,0.0155038759689922,-0.0135658914728682,-0.001937984496124,-0.0077519379844961,0.01171875,1
23,2024-05-06,5110,5320,5040,5180,5160,1.4464047409015857,خکرمان,5120.0,2962137.0,0.0390625,-0.015625,-0.001953125,0.01171875,0.0232558139534883,1
24,2024-05-07,5300,5400,5190,5280,5340,0.6609829787433696,خکرمان,5160.0,7246586.0,0.0465116279069767,0.005813953488372,0.0271317829457364,0.0232558139534883,-0.0299625468164794,0
25,2024-05-08,5360,5400,5170,5180,5230,-0.6845652075660809,خکرمان,5340.0,12036456.0,0.0112359550561797,-0.0318352059925093,0.0037453183520599,-0.0299625468164794,-0.0038240917782026,0
26,2024-05-11,5160,5350,5140,5210,5190,-0.4058198174896891,خکرمان,5230.0,3796717.0,0.022944550669216,-0.017208413001912,-0.0133843212237093,-0.0038240917782026,-0.0173410404624277,0
27,2024-05-12,5370,5370,5080,5100,5160,0.404021128277689,خکرمان,5190.0,2255934.0,0.0346820809248554,-0.0211946050096339,0.0346820809248554,-0.0173410404624277,-0.0213178294573643,0
28,2024-05-13,5190,5190,4970,5050,5030,0.7385977491168566,خکرمان,5160.0,3167379.0,0.005813953488372,-0.0368217054263565,0.005813953488372,-0.0213178294573643,0.0099403578528827,1
29,2024-05-14,4980,5160,4980,5080,5050,-0.1394278489968217,خکرمان,5030.0,5506798.0,0.025844930417495,-0.0099403578528827,-0.0099403578528827,0.0099403578528827,0.0118811881188118,1
30,2024-05-15,5070,5260,4960,5110,5070,-0.1980644849532506,خکرمان,5050.0,4738997.0,0.0415841584158415,-0.0178217821782178,0.0039603960396039,0.0118811881188118,-0.0157790927021696,0
31,2024-05-18,5000,5180,4960,4990,5010,0.8255930343624437,خکرمان,5070.0,3800370.0,0.0216962524654832,-0.0216962524654832,-0.0138067061143984,-0.0157790927021696,-0.0279441117764471,0
32,2024-05-19,4960,4990,4760,4870,4800,1.2326762064010743,خکرمان,5010.0,6937929.0,-0.0039920159680638,-0.0499001996007984,-0.0099800399201596,-0.0279441117764471,0.0145833333333333,1
33,2024-05-21,4890,4890,4800,4870,4880,-0.8014314775151614,خکرمان,4800.0,15490149.0,0.01875,0.0,0.01875,0.0145833333333333,-0.0198770491803278,0
34,2024-05-25,4977,4977,4783,4783,4794,1.1803143580193611,خکرمان,4880.0,3075856.0,0.0198770491803278,-0.0198770491803278,0.0198770491803278,-0.0198770491803278,-0.0198164372131831,0
35,2024-05-26,4700,4878,4699,4699,4702,-0.2071957953772948,خکرمان,4794.0,6706333.0,0.0175219023779724,-0.0198164372131831,-0.0196078431372549,-0.0198164372131831,0.0102084219481071,1
36,2024-05-27,4608,4775,4608,4750,4627,-0.1340029329622335,خکرمان,4702.0,5316809.0,0.015525308379413,-0.0199914929817099,-0.0199914929817099,0.0102084219481071,0.0198832937108277,1
37,2024-05-28,4719,4719,4700,4719,4719,-0.3060996133865845,خکرمان,4627.0,4604341.0,0.0198832937108277,0.0157769613140263,0.0198832937108277,0.0198832937108277,0.019919474464929,1
38,2024-05-29,4813,4813,4810,4813,4813,0.399852392241015,خکرمان,4719.0,3194954.0,0.019919474464929,0.0192837465564738,0.019919474464929,0.019919474464929,0.0199459796384791,1
39,2024-06-01,4908,4909,4816,4909,4870,0.1367912631605307,خکرمان,4813.0,4472464.0,0.0199459796384791,0.0006233118637024,0.0197382090172449,0.0199459796384791,0.0080082135523613,1
40,2024-06-02,4963,4963,4781,4909,4859,-0.2187394896167739,خکرمان,4870.0,5084258.0,0.0190965092402464,-0.0182751540041067,0.0190965092402464,0.0080082135523613,-0.019962955340605,0
41,2024-06-05,4950,4950,4762,4762,4783,0.3124550304244826,خکرمان,4859.0,3972130.0,0.0187281333607738,-0.019962955340605,0.0187281333607738,-0.019962955340605,-0.0112899853648337,0
42,2024-06-08,4717,4783,4688,4729,4708,0.2124309594682157,خکرمان,4783.0,5213242.0,0.0,-0.0198620112899853,-0.0137988710014635,-0.0112899853648337,0.0174171622769753,1
43,2024-06-09,4728,4790,4650,4790,4746,-0.7147179677681066,خکرمان,4708.0,6320696.0,0.0174171622769753,-0.0123194562446898,0.0042480883602378,0.0174171622769753,0.0187526337968815,1
44,2024-06-10,4802,4840,4800,4835,4814,2.1950902322063066,خکرمان,4746.0,1803181.0,0.0198061525495153,0.011378002528445,0.0117994100294985,0.0187526337968815,0.0018695471541337,1
45,2024-06-11,4774,4899,4774,4823,4828,-0.564233823949556,خکرمان,4814.0,5761326.0,0.0176568342334856,-0.0083090984628167,-0.0083090984628167,0.0018695471541337,-0.0198840099420049,0
46,2024-06-12,4739,4890,4732,4732,4736,0.5131473027665597,خکرمان,4828.0,2510591.0,0.0128417564208782,-0.0198840099420049,-0.0184341342170671,-0.0198840099420049,-0.0198479729729729,0
47,2024-06-15,4811,4811,4642,4642,4649,0.5994879035845696,خکرمان,4736.0,3798894.0,0.0158361486486486,-0.0198479729729729,0.0158361486486486,-0.0198479729729729,-0.0197892019789201,0
48,2024-06-16,4557,4718,4557,4557,4559,-0.1361040504189648,خکرمان,4649.0,6076285.0,0.0148419014841901,-0.0197892019789201,-0.0197892019789201,-0.0197892019789201,-0.0048256196534327,0
49,2024-06-18,4540,4620,4468,4537,4505,-0.4163585925531092,خکرمان,4559.0,5249278.0,0.0133801272208817,-0.019960517657381,-0.0041675806097828,-0.0048256196534327,0.0124306326304106,1
0,2024-03-26,2468,2468,2430,2446,2440,-0.3068102518184193,وبملت,2472.0,184219884.0,-0.0016181229773462,-0.0169902912621359,-0.0016181229773462,-0.0105177993527508,-0.0077868852459016,0
1,2024-03-27,2440,2459,2401,2421,2421,-0.072934365711458,وبملت,2440.0,127699335.0,0.0077868852459016,-0.015983606557377,0.0,-0.0077868852459016,-0.0028913672036348,0
2,2024-03-30,2425,2440,2395,2414,2410,0.1455484074021968,وبملت,2421.0,118385665.0,0.0078479966955803,-0.0107393638992152,0.0016522098306484,-0.0028913672036348,-0.0124481327800829,0
3,2024-04-02,2330,2411,2325,2380,2360,0.3451931995595521,وبملت,2410.0,135616510.0,0.000414937759336,-0.0352697095435684,-0.0331950207468879,-0.0124481327800829,0.0033898305084745,1
4,2024-04-03,2380,2390,2350,2368,2364,-0.0192384156660901,وبملت,2360.0,182430407.0,0.0127118644067796,-0.0042372881355932,0.0084745762711864,0.0033898305084745,-0.0296108291032148,0
5,2024-04-06,2364,2370,2266,2294,2312,0.6442862868856424,وبملت,2364.0,178920735.0,0.0025380710659898,-0.0414551607445008,0.0,-0.0296108291032148,0.069636678200692,1
6,2024-04-07,2473,2473,2414,2473,2470,5.8140342778786005,وبملت,2312.0,294196911.0,0.069636678200692,0.0441176470588235,0.069636678200692,0.069636678200692,0.0161943319838056,1
7,2024-04-08,2520,2572,2489,2510,2524,-0.7464487383534795,وبملت,2470.0,2004667836.0,0.0412955465587044,0.0076923076923076,0.020242914979757,0.0161943319838056,0.0003961965134706,1
8,2024-04-09,2500,2550,2476,2525,2516,-0.1339774538258583,وبملت,2524.0,508286059.0,0.0103011093502377,-0.0190174326465927,-0.0095087163232963,0.0003961965134706,-0.0556438791732909,0
9,2024-04-13,2507,2507,2371,2376,2407,0.3831122394755211,وبملت,2516.0,440187187.0,-0.0035771065182829,-0.057631160572337,-0.0035771065182829,-0.0556438791732909,-0.0099709181553801,0
10,2024-04-14,2383,2383,2383,2383,2383,-0.6360070037876,وبملت,2407.0,608828286.0,-0.0099709181553801,-0.0099709181553801,-0.0099709181553801,-0.0099709181553801,0.0096516995383969,1
11,2024-04-15,2406,2406,2406,2406,2406,-0.4469725024813045,وبملت,2383.0,221609232.0,0.0096516995383969,0.0096516995383969,0.0096516995383969,0.0096516995383969,0.0016625103906899,1
12,2024-04-16,2428,2428,2382,2410,2389,3.05450408837188,وبملت,2406.0,122555999.0,0.0091438071487946,-0.0099750623441396,0.0091438071487946,0.0016625103906899,-0.0033486814566764,0
13,2024-04-17,2412,2412,2378,2381,2399,-0.4478317643129953,وبملت,2389.0,496903799.0,0.0096274591879447,-0.00460443700293,0.0096274591879447,-0.0033486814566764,0.0633597332221759,1
14,2024-04-20,2444,2554,2444,2551,2519,0.9755851030380396,وبملت,2399.0,274374494.0,0.0646102542726135,0.0187578157565652,0.0187578157565652,0.0633597332221759,-0.0079396585946804,0
15,2024-04-21,2595,2598,2499,2499,2547,-0.4537822581560592,وبملت,2519.0,542050163.0,0.0313616514489876,-0.0079396585946804,0.0301707026597856,-0.0079396585946804,-0.0196309383588535,0
16,2024-04-22,2490,2553,2484,2497,2518,-0.1198674167029342,وبملت,2547.0,296077416.0,0.0023557126030624,-0.0247349823321554,-0.022379269729093,-0.0196309383588535,-0.011517077045274,0
17,2024-04-23,2498,2500,2463,2489,2483,-0.4019859541855559,وبملت,2518.0,260587381.0,-0.0071485305798252,-0.0218427323272438,-0.0079428117553613,-0.011517077045274,-0.0052356020942408,0
18,2024-04-24,2489,2514,2455,2470,2479,0.4306250780232727,وبملت,2483.0,155834914.0,0.0124848973016512,-0.0112766814337494,0.0024164317358034,-0.0052356020942408,-0.0092779346510689,0
19,2024-04-27,2495,2498,2443,2456,2458,-0.4094913605433852,وبملت,2479.0,222941336.0,0.0076643807987091,-0.0145219846712384,0.0064542154094392,-0.0092779346510689,-0.0280716029292107,0
20,2024-04-28,2458,2458,2386,2389,2399,0.2613991766046302,وبملت,2458.0,131648785.0,0.0,-0.0292921074043938,0.0,-0.0280716029292107,-0.003751563151313,0
21,2024-04-29,2390,2420,2376,2390,2394,0.0734250298303337,وبملت,2399.0,166061669.0,0.0087536473530637,-0.0095873280533555,-0.003751563151313,-0.003751563151313,-0.0058479532163742,0
22,2024-04-30,2380,2400,2348,2380,2368,-0.1973358892558443,وبملت,2394.0,178254752.0,0.0025062656641604,-0.0192147034252297,-0.0058479532163742,-0.0058479532163742,0.0050675675675675,1
23,2024-05-01,2390,2398,2364,2380,2372,0.2201906276861966,وبملت,2368.0,143078692.0,0.0126689189189189,-0.0016891891891891,0.0092905405405405,0.0050675675675675,-0.0080101180438448,0
24,2024-05-05,2379,2379,2350,2353,2365,-0.3164334483601949,وبملت,2372.0,174583279.0,0.0029510961214165,-0.0092748735244519,0.0029510961214165,-0.0080101180438448,-0.0274841437632135,0
25,2024-05-06,2365,2380,2292,2300,2318,0.6472439043336021,وبملت,2365.0,119339290.0,0.0063424947145877,-0.0308668076109936,0.0,-0.0274841437632135,-0.0064710957722174,0
26,2024-05-07,2314,2347,2293,2303,2304,-0.095312684418332,وبملت,2318.0,196580918.0,0.0125107851596203,-0.0107851596203623,-0.0017256255392579,-0.0064710957722174,-0.0047743055555555,0
27,2024-05-08,2304,2326,2291,2293,2296,-0.3926297020894062,وبملت,2304.0,177844263.0,0.0095486111111111,-0.0056423611111111,0.0,-0.0047743055555555,-0.0135017421602787,0
28,2024-05-11,2292,2295,2263,2265,2273,0.3656115510287178,وبملت,2296.0,108017323.0,-0.0004355400696864,-0.0143728222996515,-0.0017421602787456,-0.0135017421602787,-0.0189177298724153,0
29,2024-05-12,2265,2280,2224,2230,2252,0.0776055180749328,وبملت,2273.0,147509704.0,0.0030796304443466,-0.0215574131104267,-0.0035195776506819,-0.0189177298724153,-0.0310834813499111,0
30,2024-05-13,2252,2253,2160,2182,2186,0.1073388332138641,وبملت,2252.0,158957271.0,0.0004440497335701,-0.0408525754884547,0.0,-0.0310834813499111,-0.0032021957913998,0
31,2024-05-14,2185,2219,2177,2179,2192,0.1686176420882863,وبملت,2186.0,176019559.0,0.0150960658737419,-0.0041171088746569,-0.0004574565416285,-0.0032021957913998,0.0082116788321167,1
32,2024-05-15,2198,2240,2157,2210,2195,-0.0930414815370389,وبملت,2192.0,205699562.0,0.0218978102189781,-0.0159671532846715,0.0027372262773722,0.0082116788321167,0.0068337129840546,1
33,2024-05-18,2210,2284,2206,2210,2246,0.5229920384740709,وبملت,2195.0,186560970.0,0.0405466970387243,0.00501138952164,0.0068337129840546,0.0068337129840546,-0.0382902938557435,0
34,2024-05-19,2244,2244,2111,2160,2156,-0.2107583015477459,وبملت,2246.0,284130872.0,-0.0008904719501335,-0.060106856634016,-0.0008904719501335,-0.0382902938557435,-0.0083487940630797,0
35,2024-05-21,2134,2170,2134,2138,2145,-0.4042188179465574,وبملت,2156.0,224247932.0,0.0064935064935064,-0.010204081632653,-0.010204081632653,-0.0083487940630797,-0.0177156177156177,0
36,2024-05-25,2143,2155,2103,2107,2116,0.7287213391454116,وبملت,2145.0,133602698.0,0.0046620046620046,-0.0195804195804195,-0.0009324009324009,-0.0177156177156177,-0.0198487712665406,0
37,2024-05-26,2119,2125,2074,2074,2076,0.4121947550338782,وبملت,2116.0,230961835.0,0.0042533081285444,-0.0198487712665406,0.0014177693761814,-0.0198487712665406,-0.0052986512524084,0
38,2024-05-27,2035,2076,2035,2065,2042,-0.0493546921611842,وبملت,2076.0,326163092.0,0.0,-0.0197495183044316,-0.0197495183044316,-0.0052986512524084,0.019588638589618,1
39,2024-05-28,2070,2082,2070,2082,2082,-0.4761335086412879,وبملت,2042.0,310065413.0,0.019588638589618,0.0137120470127326,0.0137120470127326,0.019588638589618,0.0196926032660903,1
40,2024-05-29,2123,2123,2123,2123,2122,-0.6636378115071283,وبملت,2082.0,162432880.0,0.0196926032660903,0.0196926032660903,0.0196926032660903,0.0196926032660903,0.0131950989632422,1
41,2024-06-01,2164,2164,2125,2150,2148,3.3240142323747928,وبملت,2122.0,54636279.0,0.0197926484448633,0.0014137606032045,0.0197926484448633,0.0131950989632422,0.0139664804469273,1
42,2024-06-02,2170,2183,2111,2178,2140,-0.151510834917036,وبملت,2148.0,236248048.0,0.0162942271880819,-0.0172253258845437,0.01024208566108,0.0139664804469273,0.0037383177570093,1
43,2024-06-05,2150,2182,2144,2148,2156,-0.4764564007579418,وبملت,2140.0,200453909.0,0.019626168224299,0.0018691588785046,0.0046728971962616,0.0037383177570093,-0.0143784786641929,0
44,2024-06-08,2165,2165,2113,2125,2129,0.966019803202133,وبملت,2156.0,104946361.0,0.0041743970315398,-0.0199443413729128,0.0041743970315398,-0.0143784786641929,0.0197275716298731,1
45,2024-06-09,2150,2171,2124,2171,2160,0.2546071998929232,وبملت,2129.0,206326624.0,0.0197275716298731,-0.0023485204321277,0.0098637858149365,0.0197275716298731,0.0199074074074074,1
46,2024-06-10,2203,2203,2203,2203,2203,-0.6112985281230543,وبملت,2160.0,258858868.0,0.0199074074074074,0.0199074074074074,0.0199074074074074,0.0199074074074074,0.017703132092601,1
47,2024-06-11,2247,2247,2193,2242,2225,6.561199667382315,وبملت,2203.0,100618823.0,0.0199727644121652,-0.0045392646391284,0.0199727644121652,0.017703132092601,0.0053932584269662,1
48,2024-06-12,2237,2269,2228,2237,2256,0.2729321818216716,وبملت,2225.0,760799011.0,0.0197752808988764,0.0013483146067415,0.0053932584269662,0.0053932584269662,0.0022163120567375,1
49,2024-06-15,2257,2263,2252,2261,2256,-0.3471472420269123,وبملت,2256.0,968445545.0,0.0031028368794326,-0.00177304964539,0.0004432624113475,0.0022163120567375,0.0031028368794326,1
